,date,chan_mask,participation_ratio,participation_ratio_active,target_style
0,2020-01-27,"[ 0  1  2  3  4  6  7  8 10 14 16 21 22 31 32 34 37 39 42 50 52 56 57 61
 64 66 67 68 69 70 71 72 73 74 75 76 77 78 79 81 82 83 84 89 90 91 93]",11.356283783609955,9.365963497593704,CO
1,2020-01-30,"[ 0  1  2  3  4  5  6  7  8  9 10 14 22 32 34 36 37 39 42 46 50 52 56 57
 64 66 67 68 70 71 72 73 74 75 77 78 79 80 81 82 83 84 85 86 87 89 90 91
 93]",8.617671660870325,7.2144687222898884,CO
2,2020-02-04,"[ 0  1  2  3  4  5  6  7 10 11 14 31 32 34 36 37 42 50 52 56 57 64 66 67
 68 69 70 71 72 73 74 75 77 78 79 80 81 82 83 84 85 89 90 91 93]",8.887351754824586,7.430406425611007,CO
3,2020-02-05,"[ 0  1  2  3  4  6  7 10 14 22 32 34 36 37 39 50 52 55 56 57 64 66 67 68
 70 71 72 73 74 75 77 78 79 80 81 82 83 84 85 86 87 89 90 91 92 93]",8.025783323008321,7.023817307028952,CO
4,2020-02-06,"[ 0  1  2  3  4  6  7 10 12 14 18 22 32 34 36 37 39 50 52 55 56 57 64 66
 67 68 70 71 72 73 74 75 77 78 79 80 81 82 83 84 85 86 87 89 90 91 93]",9.156478073469906,7.8222225394766625,CO
5,2020-02-11,"[ 0  1  2  3  4  5  6  7  8 10 14 32 34 36 37 39 45 50 52 56 57 59 61 64
 66 67 68 70 71 72 73 74 75 77 78 80 81 82 83 84 85 89 90 91 93]",8.88494939169945,7.047834978720212,CO
6,2020-02-22,"[ 0  2  3  4  5  6  7  9 10 14 22 32 34 36 37 39 41 50 52 55 56 57 61 64
 66 67 68 70 71 72 73 74 75 76 77 78 80 81 82 83 84 85 89 90 91]",9.093112607243263,7.575680808424964,CO
7,2020-02-24,"[ 0  2  3  4  5  6  7 10 14 22 32 34 36 37 39 50 52 56 57 58 61 64 66 67
 68 70 71 72 73 74 75 77 78 80 81 82 83 85 89 90]",11.794644103124346,8.934580477131803,CO
8,2020-02-25,"[ 0  2  3  4  6  7 10 14 22 32 33 34 36 37 39 50 52 56 57 61 64 66 67 68
 70 71 72 73 74 75 78 79 80 81 82 83 85 89 90 91]",11.82348476726137,9.141900360655658,CO
9,2020-02-28,"[ 0  2  3  4  6  7 10 14 32 34 36 37 39 46 49 50 52 54 55 56 57 58 64 66
 67 68 70 71 72 73 74 75 78 79 80 81 82 83 84 85 86 89 90 91]",12.129301394914384,9.68311422204152,RD
10,2020-03-02,"[ 0  2  3  4  5  6  7 10 14 22 31 32 34 36 37 39 42 48 49 50 52 56 57 64
 66 67 68 70 71 72 73 74 75 76 77 78 79 80 81 82 83 85 89 90 91 93 95]",11.060102199694139,8.932083216926927,RD
11,2020-03-10,"[ 0  2  3  4  5  6  7 10 14 22 32 34 36 37 39 42 45 49 50 52 55 56 57 61
 64 66 67 68 70 71 72 73 74 75 77 78 79 80 81 82 83 84 85 89 90 91 93]",9.380492360182757,8.002566115989218,RD
12,2020-03-13,"[ 0  2  3  4  6  7 10 14 32 34 36 37 39 47 48 49 50 52 56 57 64 66 67 68
 70 71 72 73 74 75 77 78 79 80 81 82 83 84 85 89 90 91 93]",11.771845576880645,9.321739349803677,RD
13,2020-03-17,"[ 0  1  2  3  4  6  7  8 10 14 16 22 32 34 36 37 39 49 50 52 55 56 57 64
 66 67 68 70 71 72 73 74 75 77 78 79 80 81 82 83 89 90 91]",11.152725072659349,9.238379480758187,RD
14,2020-03-18,"[ 0  2  3  4  6  7  8 10 14 22 31 32 34 36 37 39 42 50 52 55 56 57 61 64
 66 67 68 70 71 72 73 74 75 77 78 79 80 81 82 83 84 87 89 90 91]",11.920645668684603,9.915331007027017,RD
15,2020-03-19,"[ 0  2  3  4  6  7 10 11 14 32 34 36 37 39 42 46 50 52 55 57 58 64 66 67
 68 70 71 72 73 74 77 78 80 81 82 83 84 89 90 91]",10.799928958099692,8.549721008497974,RD
16,2020-03-20,"[ 0  2  3  4  6  7 14 32 34 36 37 39 42 45 50 52 56 57 64 66 67 68 69 70
 71 72 73 74 75 77 78 79 80 81 82 83 85 89 90]",11.463957476025552,8.602476637544171,RD
17,2020-06-26,"[ 3  4  5  6  8 11 31 32 34 36 37 39 50 52 56 57 61 64 66 67 68 69 70 71
 72 73 74 75 77 78 79 80 81 82 83 84 85 86 89 90 91 93]",10.898885679003245,8.4998475154468,CO
18,2020-07-08,"[ 2  3  4  5  6 31 32 36 37 39 50 57 60 61 64 66 67 68 70 71 72 73 74 75
 77 79 80 81 82 83 84 89 90 91]",9.038791799931264,7.080471918870218,CO
19,2020-07-14,"[ 0  1  2  3  4  5  6  7  8  9 10 12 13 14 15 16 17 18 19 20 21 22 23 24
 27 29 32 34 35 36 37 38 39 40 42 45 46 49 50 51 52 53 54 55 56 57 58 59
 60 61 63 64 65 66 67 68 69 70 71 72 73 74 75 77 78 79 80 81 82 83 84 85
 86 89 90 91 92 93 95]",12.581563136756394,11.51173947481622,CO
20,2020-07-29,"[ 0  2  3  4  5  6  7  8 10 12 14 32 34 36 37 39 42 49 50 52 57 58 59 60
 61 64 66 67 68 70 71 72 73 74 75 77 78 79 80 81 82 83 84 85 89 90 91 95]",11.279878049733036,8.941057630724876,RD
21,2020-07-31,"[ 2  3  5  6  8  9 10 11 12 14 21 26 30 31 32 34 35 36 37 38 39 40 41 42
 43 45 46 47 48 49 50 52 53 54 56 59 60 61 62 63 64 65 66 67 68 69 70 71
 72 73 74 75 76 77 78 80 81 82 83 84 85 86 87 89 90 91 92 93 94 95]",6.974992509970776,7.354222732071591,CO
22,2020-08-08,"[ 1  3  5  6 10 32 34 36 37 39 49 50 52 56 57 64 66 67 68 70 71 72 73 74
 75 78 80 81 82 83 85 89 90]",7.300794427918467,5.294860440095545,RD
23,2020-08-11,"[ 3  6 10 14 32 34 36 37 39 42 49 50 52 56 57 61 65 66 67 70 71 72 73 74
 78 79 80 81 82 83 89 90]",8.564135052052277,5.828237276559253,RD
24,2020-08-22,"[ 1  3  4  6 11 24 32 34 36 37 39 50 59 64 65 66 67 68 70 71 72 73 74 75
 77 80 81 82 83 84 85 86 89 90 91 93]",11.138932081627319,7.987373191347639,RD
25,2020-08-29,"[ 1  2  3  4  5  6  8 10 11 24 31 32 34 36 37 39 40 45 46 49 50 52 56 57
 59 60 61 64 66 67 68 70 71 72 73 74 75 77 78 79 80 81 82 83 84 85 86 89
 90 91 93 95]",10.172992804840353,8.696924132689928,RD
26,2020-09-04,"[ 2  3  6  7 10 30 31 32 34 36 37 39 50 56 57 59 61 64 66 67 68 70 71 72
 73 74 75 76 77 78 79 80 81 82 83 84 89 90 91 92]",1.5803701534171175,1.4809821673776573,RD
27,2020-09-24,"[ 2  3  5  6  8 10 32 34 36 37 39 42 49 50 52 56 57 59 61 64 66 67 68 70
 71 72 73 74 75 77 78 79 80 81 82 83 84 85 86 89 90 91]",7.648351037150684,6.068261580570402,CO
28,2020-09-28,"[ 2  3  5  6 10 32 34 36 37 39 42 50 52 56 57 58 59 61 64 66 67 68 70 71
 72 73 74 75 78 79 80 81 82 83 84 85 86 89 90 93]",9.087956366940606,7.394028795318374,CO
29,2020-09-29,"[ 2  3  6  7 10 11 32 34 36 37 39 49 50 56 57 61 64 66 67 68 70 71 72 73
 74 75 77 78 79 80 81 82 83 84 85 86 89 90 91]",9.307447923525492,7.136492275701519,CO
30,2020-10-02,"[ 2  3  5  6 32 34 36 37 49 50 55 56 57 59 64 66 67 68 70 71 72 73 74 75
 77 78 79 80 81 82 83 84 85 89 90 91]",10.64737327930121,7.823169467196728,CO
31,2020-10-07,"[ 2  3  5  6  7  8 10 14 32 33 34 36 37 39 49 50 56 57 59 61 64 66 67 68
 70 71 72 73 74 75 77 78 79 80 81 82 83 84 89 90 91]",12.297783063582601,9.190125443421723,CO
32,2020-10-12,"[ 3  5  6 32 34 37 39 50 56 57 59 61 64 66 67 68 70 71 72 73 74 75 80 81
 82 83 84 89 90 91]",10.271293982436237,7.065521019228349,CO
33,2020-10-16,"[ 0  3  5  6  7 10 32 34 36 37 39 49 50 64 66 67 68 70 71 72 73 75 77 80
 81 82 83 84 85 89 90 91 92]",9.105019693031197,6.1802062800895925,CO
34,2020-10-23,"[ 3  6 10 32 34 36 37 39 49 50 52 56 57 64 66 67 68 70 71 72 73 74 75 78
 80 81 82 83 84 89 90 91]",11.98083725062799,7.954189981987619,CO
35,2020-11-03,"[ 0  2  3  6  7 10 32 34 36 37 39 49 50 56 57 58 59 64 66 67 68 70 71 72
 73 74 75 77 78 79 80 81 82 83 84 89 90 91]",9.404261697824678,7.6304761970333255,CO
36,2020-11-05,"[ 0  2  3  6  7 10 32 34 35 36 37 39 49 50 52 56 57 58 59 60 64 66 67 68
 70 71 72 73 74 75 76 77 78 79 80 81 82 83 84 85 87 89 90 91 94 95]",9.743776419459337,8.257743275639342,CO
37,2020-11-09,"[ 0  1  2  3  6  7 32 33 34 35 36 37 39 42 43 49 50 52 56 57 64 66 67 68
 70 71 72 73 74 75 76 77 78 80 81 82 83 84 85 87 89 90 91 94 95]",12.679970554025383,10.00313932520227,CO
38,2020-11-16,"[ 0  1  2  3  6  7 11 14 31 32 36 37 39 40 42 49 50 57 58 59 61 64 66 67
 68 70 71 72 73 74 75 76 77 78 80 81 83 85 89 90 91]",11.70399911217299,9.062641437939025,CO
39,2020-12-03,"[ 1  3  6 10 12 32 33 34 35 36 37 39 50 56 57 61 64 66 67 68 70 71 72 73
 74 75 76 77 80 81 82 83 84 85 87 89 90 91 94 95]",13.127636742359092,10.246862711410147,CO
40,2020-12-04,"[ 0  1  3  6  7 10 32 34 36 37 39 40 42 47 49 50 55 56 57 58 61 64 66 67
 68 70 71 72 73 74 75 76 78 79 80 81 83 84 86 89 90 91]",5.389593234786151,4.615865255531795,CO
41,2020-12-11,"[ 1  3  6  7  8 10 11 32 34 35 36 37 39 40 49 50 52 56 57 58 64 66 67 68
 70 71 72 73 74 75 76 78 79 80 81 82 83 84 86 87 89 90 91 94 95]",9.240789457967635,8.744909178508273,CO
42,2020-12-12,"[ 1  2  3  4  6  8 10 24 32 33 34 35 36 37 39 40 42 43 50 51 56 57 58 59
 61 62 64 66 67 68 70 71 72 73 74 75 77 78 79 81 82 83 84 85 86 87 89 90
 91 94 95]",9.793418309469015,8.016655872751445,RD
43,2021-01-04,"[ 1  2  3  4  5  6  8  9 10 24 32 33 34 35 36 37 39 42 43 50 51 55 56 57
 62 64 66 67 68 70 71 72 73 74 75 78 80 81 82 83 84 87 89 90 91 93 94 95]",12.183354648192772,9.5540839854187,CO
44,2021-01-05,"[ 1  2  3  4  6  8 24 31 32 33 34 35 36 37 39 42 43 50 51 55 56 57 59 62
 64 66 67 68 70 71 72 73 74 76 77 78 80 81 82 83 84 87 89 90 91 94 95]",11.007794309858232,8.91196296778843,CO
45,2021-01-06,"[ 0  1  2  3  5  6  7  8  9 10 11 31 32 33 34 35 36 37 39 42 49 50 51 56
 57 58 62 64 66 67 68 70 71 72 73 74 75 77 78 79 80 81 83 86 87 88 89 90
 91 93 94 95]",12.484381000499585,10.408805974366787,CO
46,2021-01-08,"[ 1  2  3  6  8 32 34 35 36 37 39 42 49 50 51 56 57 58 62 64 66 67 68 70
 71 72 73 74 76 77 78 79 80 81 83 87 89 90 91 94 95]",11.032004026496157,8.784629057901125,CO
47,2021-01-11,"[ 1  2  3  4  6  8 11 24 32 33 34 35 36 37 39 42 43 49 50 51 52 56 57 61
 62 64 66 67 68 70 71 72 73 74 75 76 77 78 80 81 82 83 85 87 89 90 91 92
 94 95]",13.826532118810706,10.984325257526718,CO
48,2021-01-21,"[ 0  1  2  3  4  6  8 10 11 24 32 33 35 36 37 39 43 50 51 56 57 58 61 62
 64 66 67 68 70 71 72 73 74 75 77 78 79 80 81 82 83 84 85 86 87 89 90 91
 93 94 95]",13.633710745713566,11.397990988515007,RD
49,2021-01-22,"[ 1  2  3  6  8 10 11 32 34 36 37 39 50 52 56 57 61 64 66 67 68 70 71 72
 73 74 77 78 79 80 81 82 83 89 90 91 93]",10.09781225353827,7.5273412327155125,RD
50,2021-01-23,"[ 1  2  3  6  8 10 11 31 32 33 34 35 36 37 39 43 50 51 56 57 58 61 62 64
 66 67 68 70 71 72 73 74 75 76 77 78 79 80 81 82 83 84 86 87 89 90 91 94
 95]",9.218452651565611,7.56038496804672,CO
51,2021-02-23,"[ 1  2  3  6  8 32 33 34 35 36 37 39 43 45 46 50 51 52 56 57 58 62 64 66
 67 68 70 71 72 73 74 75 77 78 79 80 81 82 83 84 87 89 90 91 93 94 95]",10.611591996179804,8.464392616678378,CO
52,2021-02-25,"[ 1  2  3  4  6  8 11 24 31 32 33 34 35 36 37 38 39 40 41 42 43 44 45 46
 47 50 51 53 56 57 58 60 62 64 66 67 68 70 71 72 73 74 75 76 77 78 79 80
 81 82 83 84 85 86 87 88 89 90 91 92 93 94 95]",12.019057883522096,10.563990945233071,CO
53,2021-02-26,"[ 1  2  3  6  8 11 31 32 33 34 35 36 37 38 39 40 41 42 43 44 45 46 47 48
 50 51 52 53 55 56 57 58 60 62 64 66 67 68 70 71 72 73 74 75 76 77 78 79
 80 81 82 83 84 85 86 87 88 89 90 91 92 93 94 95]",12.357989927036645,10.932316502298749,CO
54,2021-02-27,"[ 1  2  3  4  6  8 10 11 24 31 32 33 34 35 36 37 38 42 43 44 45 46 50 51
 53 56 57 60 62 64 66 67 68 70 71 72 73 74 75 76 77 78 79 80 81 82 83 84
 85 86 87 88 89 90 91 92 93 94 95]",13.115870305311176,11.251406230559494,CO
55,2021-03-05,"[ 0  1  2  3  6  8 10 11 31 32 33 34 35 37 39 43 44 46 47 50 51 52 54 56
 57 58 60 62 64 66 67 68 70 71 72 73 74 75 76 77 78 79 81 82 84 85 86 87
 89 90 91 92 93 94 95]",9.108545888574579,8.013527197472316,RD
56,2021-03-09,"[ 0  1  2  3  4  6  7  8 11 24 31 32 33 34 35 36 37 38 39 40 41 43 44 45
 46 47 50 51 52 54 56 57 58 60 62 64 66 67 68 70 71 72 73 74 75 76 77 78
 79 80 81 82 83 84 85 86 87 88 89 90 91 92 93 94]",11.751533753512339,10.349068520582549,CO
57,2021-03-12,"[ 1  2  3  6  8 11 32 34 35 36 37 39 50 51 52 56 57 58 61 62 64 66 67 68
 70 71 72 73 74 75 77 78 80 81 82 83 84 85 87 89 90 91 94]",10.969220313199285,9.063704562457183,RD
58,2021-03-13,"[ 1  2  3  4  6  8 24 31 32 33 34 35 36 37 39 43 44 50 51 52 56 57 58 60
 62 64 66 67 68 70 71 72 73 74 75 76 77 78 79 80 81 82 83 84 85 86 87 88
 89 90 91 93 94]",9.507659141269098,8.201282904610235,CO
59,2021-03-16,"[ 1  2  3  6  8 32 34 35 36 37 42 50 51 52 56 57 62 64 66 67 68 70 71 72
 73 74 75 77 78 79 81 83 87 89 90 91 94 95]",11.084280888140869,8.439807309570226,RD
60,2021-03-19,"[ 1  2  3  5  6  8 11 31 32 33 34 35 36 37 39 42 43 44 46 50 51 52 56 57
 58 60 62 64 66 67 68 70 71 72 73 74 75 77 78 79 80 81 82 83 84 85 86 87
 88 89 90 91 92 94 95]",7.133257891920309,5.925310910176812,RD
61,2021-03-22,"[ 0  1  2  3  4  6  8 24 32 33 34 35 36 37 39 43 50 51 52 56 57 62 64 66
 67 68 70 71 72 73 74 75 77 78 79 80 81 82 83 84 86 87 88 89 90 91 93 94
 95]",9.204716689810763,7.398871417598915,RD
62,2021-03-23,"[ 1  2  3  6 11 31 32 33 34 35 36 37 38 39 40 41 42 43 44 45 46 47 48 49
 50 52 53 54 55 56 57 58 59 60 62 63 64 66 67 68 70 71 72 73 74 75 76 77
 79 81 82 83 84 85 86 87 88 89 90 91 92 93 94 95]",5.140112263231293,4.74309459430312,CO
63,2021-03-29,"[ 1  2  3  6 11 31 32 33 34 35 36 37 39 43 50 51 52 53 56 57 58 60 62 64
 66 67 68 70 71 72 73 74 75 76 77 78 79 80 81 82 83 84 86 87 89 90 91 92
 93 94 95]",7.621067135655131,6.443631026130418,CO
64,2021-03-30,"[ 1  2  3  6  8 32 33 34 35 36 37 39 43 50 51 52 56 57 58 62 64 66 67 68
 70 71 72 73 74 75 76 77 78 79 80 81 83 84 87 89 90 94 95]",7.289823455171382,5.702217844452885,CO
65,2021-04-02,"[ 0  1  2  3  4  5  6  7  8 11 24 31 32 33 34 35 36 37 38 39 40 41 42 43
 44 45 46 47 49 50 51 52 53 56 57 62 64 66 67 68 69 70 71 72 73 74 75 76
 77 78 79 80 81 82 83 84 85 86 87 88 89 90 91 92 93 94 95]",12.878910107082483,11.62559724648386,CO
66,2021-04-05,"[ 1  2  3  6  8 32 33 34 35 36 37 50 51 52 56 57 62 64 66 67 68 70 71 72
 73 74 75 77 78 79 80 81 82 83 84 85 87 89 90 91 94 95]",9.904284939143665,7.633519557725123,RD
67,2021-04-06,"[ 1  2  3  6 11 31 32 33 34 35 36 37 38 39 40 41 42 43 44 45 46 47 48 49
 50 51 52 53 54 56 57 60 62 64 66 67 68 70 71 72 73 74 75 76 77 78 79 80
 81 82 83 84 85 86 87 88 89 90 91 92 93 94 95]",8.182124659020555,7.367042486865982,CO
68,2021-04-07,"[ 0  1  2  3  6  8 11 16 31 32 33 34 35 36 37 39 41 42 43 44 49 50 51 52
 56 57 62 64 66 67 68 70 71 72 73 74 75 76 77 78 79 80 81 82 83 84 85 87
 89 90 91 92 93 94 95]",12.63269055397892,10.92706345017678,RD
69,2021-04-09,"[ 1  2  3  6 11 32 33 35 36 37 39 43 44 47 49 50 51 53 56 57 58 62 64 66
 67 68 70 71 72 73 74 75 76 77 81 82 83 84 85 86 87 88 89 90 91 92 93 94
 95]",10.58056559210017,9.07978935913525,CO
70,2021-04-12,"[ 0  1  2  3  4  5  6  7  8  9 10 12 13 14 15 16 18 19 22 24 25 26 28 29
 32 34 35 36 37 39 40 42 45 49 50 51 52 55 56 57 58 61 62 63 64 66 67 68
 69 70 71 72 73 74 75 77 78 79 80 81 82 83 84 85 86 87 89 90 91 93 94 95]",14.401412554859805,12.257030553532264,RD
71,2021-04-14,"[ 1  2  3  4  5  6 11 24 31 32 33 34 35 36 37 38 39 40 41 42 43 44 45 46
 47 48 49 50 51 52 53 54 56 57 58 60 62 63 64 66 67 68 70 71 72 73 74 75
 76 77 78 79 81 82 84 85 86 87 88 89 90 91 92 93 94 95]",12.865061380495003,11.430021099862584,RD
72,2021-04-15,"[ 0  1  2  3  6 11 31 32 33 34 35 36 37 38 39 40 41 42 43 44 45 46 47 48
 49 50 51 52 53 54 56 57 58 60 62 64 66 67 68 70 71 72 73 74 75 76 77 78
 79 80 81 82 83 84 85 86 87 88 89 90 91 92 93 94 95]",9.348374451786091,8.411165089420503,CO
73,2021-04-20,"[ 1  3  6  8 11 31 32 33 34 35 36 37 38 39 40 41 42 43 44 45 46 47 48 49
 50 51 52 53 54 55 56 57 58 59 60 61 62 63 64 66 67 68 70 71 72 73 74 75
 76 77 79 81 82 83 84 85 86 87 88 89 90 91 92 93 94 95]",10.67064020203131,9.505014436852388,CO
74,2021-04-21,"[ 1  2  3  6 11 31 32 33 34 35 36 37 39 40 42 43 45 50 51 56 57 58 60 62
 64 66 67 68 70 71 72 73 74 75 76 77 78 79 80 81 82 83 84 87 88 89 90 91
 92 93 94 95]",9.163857352708542,7.336222980194945,RD
75,2021-04-28,"[ 1  2  3  6 11 32 33 34 35 36 37 50 51 56 57 58 62 64 66 67 68 70 71 72
 74 75 76 77 78 79 80 81 82 83 84 87 89 90 91 93 94 95]",12.87669069469933,9.63960699510911,RD
76,2021-05-03,"[ 1  3  6 11 31 32 34 36 37 39 42 50 56 57 64 66 67 68 70 71 72 73 74 76
 78 79 80 81 82 83 84 87 89 90 91]",7.472496726495951,5.454507341697388,CO
77,2021-05-04,"[ 0  1  2  3  4  6 24 31 32 33 34 35 36 37 39 40 42 43 52 56 57 64 66 67
 68 70 71 72 73 74 75 76 77 78 79 80 81 82 83 84 87 89 90 91 92 93 94 95]",7.985818283208885,6.348167056504463,CO
78,2021-05-05,"[ 0  1  2  3  5  6  8 11 32 34 35 36 37 39 40 50 51 52 56 57 58 61 62 64
 66 67 68 70 71 72 73 74 75 77 78 79 80 81 82 83 84 85 86 87 90 91 93 94
 95]",12.143669545269898,9.274641972607009,RD
79,2021-05-11,"[ 0  2  3  6 31 32 33 34 35 36 37 39 42 43 49 50 51 52 56 57 58 61 62 64
 66 67 68 70 71 72 73 74 75 76 77 78 79 81 82 83 84 86 87 89 90 91 93 94
 95]",14.824793211308052,11.82212127211313,CO
80,2021-05-18,"[ 2  3  6  8 32 33 34 35 37 39 43 50 51 56 57 58 62 64 66 67 68 70 71 72
 73 74 75 76 78 79 80 81 83 84 87 89 90 91 92 93 94 95]",8.399831130080562,8.932579383130836,CO
81,2021-05-19,"[ 2  3  6 11 32 33 34 35 36 37 39 43 50 51 52 56 57 58 62 64 66 67 68 70
 71 72 73 74 75 78 79 80 81 82 83 84 85 87 89 90 91 92 94 95]",14.16722329964572,10.959494631495186,RD
82,2021-05-20,"[ 2  3  4  6 24 31 32 34 36 37 39 42 50 52 56 57 64 66 67 68 70 71 72 73
 74 75 76 77 78 79 80 81 83 86 87 89 90 91]",13.637840290088846,9.900084922137783,CO
83,2021-05-25,"[ 2  3  6  8 32 33 34 35 36 37 39 43 50 51 56 57 58 59 62 64 66 67 68 70
 71 72 73 74 75 77 78 79 80 81 82 83 84 85 87 89 90 91 92 94 95]",8.628259619540334,6.689708982152141,RD
84,2021-05-26,"[ 2  3  6 32 33 34 35 36 37 39 43 50 51 52 56 57 58 62 64 66 67 68 70 71
 72 73 74 75 76 77 78 79 80 81 83 85 87 89 90 91 94 95]",11.646786025509282,8.82503512331377,RD
85,2021-06-01,"[ 2  3  6 32 34 35 36 37 39 42 49 51 56 57 58 61 62 64 66 67 68 70 71 72
 73 74 75 77 78 80 81 83 89 90 91 94 95]",11.339221452589152,7.727636658732947,CO
86,2021-06-04,"[ 1  2  3  6 31 32 34 35 36 37 39 43 50 51 52 56 57 58 62 64 66 67 68 70
 71 72 73 74 75 77 78 79 80 81 82 83 84 87 89 90 91 94 95]",9.039629574466488,7.077482344205453,RD
87,2021-06-08,"[ 0  1  3  5  6  7 11 31 32 33 34 35 36 37 39 43 46 49 52 56 57 58 64 66
 67 68 70 71 72 73 74 75 76 77 78 79 80 81 82 83 84 86 87 89 90 91 92 93
 94 95]",11.27983277787056,8.94524398222849,RD
88,2021-06-14,"[ 0  1  2  3  4  5  6  7  8  9 10 12 13 14 15 16 17 18 19 20 21 22 23 24
 25 26 27 28 29 30 32 33 34 35 36 37 38 39 40 41 42 43 44 45 46 47 48 49
 50 51 52 53 54 55 56 57 58 59 60 61 62 63 64 65 66 67 68 70 71 72 73 74
 75 77 78 79 80 81 82 83 84 85 86 87 88 89 90 91 92 93 94 95]",12.211394427321704,11.541439990687024,CO
89,2021-06-15,"[ 1  2  3  6 11 31 32 33 34 35 36 37 39 42 43 50 51 52 56 57 58 62 64 66
 67 68 70 71 72 73 74 75 76 77 78 79 81 82 83 84 86 87 89 90 91 92 94 95]",7.990340695386375,6.618224927134041,CO
90,2021-06-16,"[ 1  6 32 33 34 35 36 37 39 42 50 51 52 56 57 58 62 64 66 67 68 70 71 72
 73 74 75 77 78 79 80 81 82 83 84 86 87 89 90 91 94 95]",9.780867461160879,7.2539986030779975,RD
91,2021-06-17,"[ 1  6 32 34 35 36 37 39 51 52 56 57 58 62 64 66 67 68 70 71 72 73 74 78
 80 81 82 83 84 86 87 89 90 91 94 95]",12.54233380343694,8.650111239044712,RD
92,2021-06-24,"[ 6 32 37 50 56 57 58 62 64 66 67 68 70 71 72 73 74 75 77 80 81 83 89 90
 94]",12.733927831897654,8.070751659773558,RD
93,2021-06-26,"[ 2  6 31 32 34 36 37 39 50 56 57 59 64 66 67 68 70 71 72 73 74 76 80 81
 83 86 89 90 91]",11.423130781050704,7.6178480195918725,RD
94,2021-06-28,"[ 0  1  2  3  4  5  6  7  8  9 10 12 13 14 15 16 17 18 19 20 21 22 23 24
 25 26 27 28 29 30 32 33 34 35 36 37 38 39 40 41 42 43 44 45 46 47 48 49
 50 51 52 53 54 55 56 57 58 59 60 61 62 63 64 65 66 67 68 69 70 71 72 73
 74 75 77 78 79 80 81 82 83 84 85 86 87 88 89 90 91 92 93 94 95]",12.961458621848193,12.378748083866741,CO
95,2021-06-29,"[ 6  8 11 32 33 34 35 36 37 39 43 50 51 52 56 57 58 62 64 66 67 68 70 71
 72 73 74 77 79 80 81 83 87 89 90 91 94 95]",14.101257980767576,10.093196266089572,RD
96,2021-06-30,"[ 3  6  8 11 32 33 34 35 39 43 48 50 51 56 57 58 62 64 66 67 68 70 71 72
 73 74 75 76 77 78 79 81 87 89 90 91 94 95]",15.69720254996368,11.577021865529817,RD
97,2021-07-01,"[ 3  6 31 32 33 34 35 36 37 39 50 56 57 58 64 66 67 68 70 71 72 73 74 75
 77 79 81 83 87 89 90 91 92 94]",11.811586542249225,8.58483706785327,RD
98,2021-07-03,"[ 6 32 34 35 36 37 39 43 50 51 56 57 58 61 62 64 66 67 68 70 71 72 73 74
 75 77 80 81 83 87 89 90 91 94 95]",12.956929508921341,9.051354988678932,RD
99,2021-07-06,"[ 2  6 11 32 33 34 35 36 37 39 43 50 51 56 57 58 62 64 66 67 68 70 71 72
 73 74 75 78 79 80 81 83 87 89 90 91 94 95]",11.481137825757298,8.467054117758458,CO
100,2021-07-07,"[ 3  6  8 32 34 35 50 51 57 62 64 66 67 68 70 71 72 73 74 77 78 79 81 87
 89 90 91 94]",6.504634320931841,4.365565175288692,RD
101,2021-07-08,"[ 2  3  6  8 11 32 34 35 39 43 50 51 57 58 62 64 66 67 68 70 71 72 73 74
 75 79 80 81 83 87 89 90 91 94 95]",11.265262495482377,7.727443432697434,RD
102,2021-07-09,[ 2  3  6 32 34 50 56 57 64 66 67 68 70 71 72 73 74 78 81 83 85 89],13.40372174602977,7.378860857855448,CO
103,2021-07-12,"[ 2  3  6  8 32 33 34 35 36 37 39 43 51 56 57 58 62 64 66 67 68 70 71 72
 73 74 75 79 80 81 83 87 89 90 91 94 95]",13.519821505051002,9.467652564250495,RD
104,2021-07-13,"[ 2  3  6  8 11 32 33 34 35 36 37 39 43 50 51 52 56 57 58 62 64 66 67 68
 70 71 72 73 74 75 76 77 78 79 80 81 82 83 87 89 90 91 94 95]",12.363307925197535,9.459332387550466,CO
105,2021-07-14,"[ 0  2  3  5  6  7  8  9 10 16 18 19 22 26 27 32 34 35 36 37 39 40 42 43
 45 50 52 56 57 58 59 60 61 62 63 64 65 66 67 68 69 70 71 72 73 74 75 77
 78 79 80 81 83 86 87 89 90 91 92 94]",5.861167498663032,4.774653102210007,CO
106,2021-07-15,"[ 2  3  6 32 34 36 37 39 52 56 57 58 64 66 67 68 70 71 72 73 74 75 79 81
 83 89 90 91]",13.330649799905174,8.63081383864253,RD
107,2021-07-16,"[ 3  6  8 11 31 32 34 35 36 37 39 43 50 51 52 56 57 58 62 64 66 67 68 70
 71 72 73 74 75 77 78 79 80 81 82 83 84 85 86 87 89 90 91 94 95]",8.84968799173437,6.953934460225973,RD
108,2021-07-19,"[ 2  3  6  8 32 34 39 42 50 56 57 58 64 66 67 68 70 71 72 73 74 77 78 79
 80 81 82 83 85 89 90]",10.21443505075509,7.056273441191344,RD
109,2021-07-20,"[ 2  3  6  8 11 31 32 33 34 35 36 37 38 39 42 43 45 46 50 51 52 56 57 58
 60 62 64 66 67 68 70 71 72 73 74 75 76 77 78 79 80 81 82 83 84 85 86 87
 89 90 91 92 93 94 95]",12.670798827730565,10.805454372040773,CO
110,2021-07-21,"[ 3  6  8 32 33 34 35 37 39 45 50 52 56 57 64 66 67 68 70 71 72 73 74 76
 77 78 79 80 81 82 83 84 87 89 90 91 94 95]",5.239591200412442,4.608629955883142,RD
111,2021-07-26,"[ 0  2  3  6  7  8 11 31 32 34 37 39 52 56 57 64 66 67 68 70 71 72 73 74
 75 76 77 79 80 81 82 83 84 86 89 90 91]",3.267611344620652,4.458549856720115,RD
112,2021-07-27,"[ 3  6 11 31 32 33 34 35 37 43 51 56 57 58 60 62 64 66 67 68 70 71 72 73
 74 75 76 79 80 81 83 87 89 90 91 92 94 95]",10.959040865234602,7.960668933876382,CO
113,2021-07-28,"[ 0  3  6  7  8  9 32 34 35 37 43 51 52 56 57 58 62 64 66 67 68 70 71 72
 73 74 75 77 80 81 83 87 89 90 91 94 95]",13.00065683046106,8.955897736944788,RD
114,2021-07-29,"[ 3  6  8  9 32 34 36 37 39 56 57 58 64 66 67 68 70 71 72 73 74 75 77 78
 79 80 81 83 88 89 90 91]",14.825953425944405,8.498435334124798,CO
115,2021-07-30,"[ 0  3  6  7 31 32 34 37 39 56 57 64 66 67 68 70 71 72 73 74 75 76 77 78
 79 81 83 89 90 91]",15.48501627858356,9.874287528245336,CO
116,2021-07-31,"[ 3  6  8 32 34 37 39 56 57 64 66 67 68 70 71 72 73 74 75 77 81 83 89 90
 91 94]",9.753012764908828,6.272243179631582,RD
117,2021-08-02,"[ 0  3  6  7  8 16 32 34 35 37 50 51 57 62 64 66 67 68 70 71 72 73 74 77
 78 79 80 81 82 83 87 89 90 91 94 95]",13.373101307069312,8.741602762350484,RD
118,2021-08-03,"[ 3  6 11 32 33 34 35 36 37 43 51 62 64 66 67 68 70 71 72 73 74 76 80 81
 82 83 84 85 86 87 89 94 95]",14.803132277519527,9.714855870518617,CO
119,2021-08-04,"[ 3  6 32 34 37 50 51 62 64 66 67 68 70 71 72 73 74 75 77 78 79 80 81 82
 83 86 87 88 89 90 94]",12.388974787761143,8.078031140425194,RD
120,2021-08-05,[ 3  6 32 37 50 51 62 66 67 68 70 71 72 73 74 80 81 82 83 86 87 89 94 95],10.848159765431918,8.145676053426222,CO
121,2021-08-10,"[ 3  6 11 32 34 37 50 56 57 61 64 66 67 68 70 71 72 73 74 75 76 78 80 81
 82 83 85 89 90]",11.066063417763026,6.940786295403535,CO
122,2021-08-11,"[ 0  3  6  7  8 31 32 33 34 35 37 39 43 50 51 52 56 57 58 60 61 62 64 66
 67 68 70 71 72 73 74 75 76 77 78 80 81 82 83 84 85 86 87 89 90 92 94 95]",14.531489184615694,11.471269546631428,RD
123,2021-08-12,"[ 3  6  8  9 11 32 34 37 39 56 57 61 64 66 67 68 70 71 72 73 74 76 77 79
 80 81 83 84 89]",15.133325455453356,9.38837265949771,CO
124,2021-08-16,[ 2  3  6  7 11 31 32 37 39 50 56 66 67 70 71 72 74 76 77 81 83 86],11.56900259189293,7.812361078328165,CO
125,2021-08-18,"[ 3  6  7 32 34 37 50 56 57 64 66 67 68 70 71 72 73 74 76 77 78 80 81 83
 85 86 89]",12.976814614460705,7.857587890643333,RD
126,2021-08-19,"[ 0  3  6  7 11 31 32 33 34 35 37 43 50 51 52 56 57 58 62 64 66 67 68 70
 71 72 73 74 75 76 77 80 81 82 83 84 87 89 92 94 95]",15.00718697102257,10.914402283096228,CO
127,2021-08-20,"[ 3  6 32 33 34 35 36 37 43 50 51 56 57 58 61 62 64 66 67 68 70 71 72 73
 74 75 76 77 78 80 81 82 84 87 89 94 95]",16.602125406448568,10.752258696386713,CO
128,2021-08-23,"[ 2  3  6  7  8 11 16 31 32 37 52 56 64 66 67 68 70 71 72 73 74 75 77 78
 80 81 84 85 86 89]",11.597326290982718,7.084647369062815,RD
129,2021-08-25,"[ 0  2  3  5  6  7  8 10 16 31 32 33 34 35 37 43 50 51 56 57 58 62 64 66
 67 68 70 71 72 73 74 75 76 77 78 80 81 83 85 86 87 89 94 95]",13.555564369154094,9.85471587431545,RD
130,2021-08-27,"[ 3  6  8 32 34 37 56 57 58 61 64 66 67 68 70 71 72 73 74 78 80 81 83 85
 89]",3.829469274640678,6.894745299242389,CO
131,2021-08-30,"[ 3  6 32 34 37 50 56 57 64 66 67 68 70 71 72 73 74 75 76 80 81 82 83 84
 85 89 90]",12.97277441951226,7.947198864416004,CO
132,2021-08-31,"[ 2  3  6 11 31 32 34 37 39 50 56 57 58 64 66 67 68 70 71 72 73 74 78 80
 81 82 83 84 85 89 90 91]",15.826523128906796,9.907737561086792,CO
133,2021-09-03,"[ 3  6 32 33 34 36 37 42 50 51 56 57 58 62 64 66 67 68 70 71 72 73 74 75
 77 78 79 80 81 82 83 84 86 87 89 90 91 94 95]",9.21845922882299,7.085209971779661,RD
134,2021-09-06,"[ 3  6 11 31 32 34 37 52 56 57 64 66 67 68 70 71 72 73 74 75 76 77 78 80
 81 82 83 84 85 89 90 91]",13.186563441266559,9.365350027057273,CO
135,2021-09-07,[ 6 32 37 50 56 57 70 71 72 81 82 83 89 90],14.69537623028909,7.356432048076941,CO
136,2021-09-08,"[ 6 11 32 33 35 37 49 50 52 54 56 57 64 66 67 68 70 71 72 74 76 78 80 81
 83 87 89 90 94 95]",16.27758184870322,10.47919512442748,CO
137,2021-09-13,"[ 3  6  8 32 34 35 36 37 51 56 57 58 62 64 66 67 68 70 71 72 73 74 75 77
 78 79 80 81 82 83 84 85 89 90 91 95]",7.018302658925448,7.107220899207685,CO
138,2021-09-14,"[ 2  3  6  8 11 31 32 33 34 35 37 43 49 52 56 57 58 64 66 67 68 70 71 72
 74 75 76 77 80 81 82 83 84 87 89 90 91 94 95]",13.53957940131696,9.765115756191673,CO
139,2021-09-15,"[ 0  3  5  6  7  8 11 31 32 33 34 35 36 37 43 51 56 57 58 60 62 64 66 67
 68 70 71 72 73 74 77 78 80 81 82 83 84 87 89 90 91 94 95]",12.36502987371535,9.97363974685904,CO
140,2021-09-17,"[ 2  3  6  7  8 31 32 34 36 37 39 56 57 62 64 66 67 68 70 71 72 73 74 75
 77 78 79 80 81 82 83 84 85 87 89 90 91 94]",12.539132264987607,9.079156415115248,RD
141,2021-09-24,"[ 2  3  6 31 32 56 57 66 67 68 70 71 72 73 74 75 77 78 80 81 82 83 84 86
 89]",4.249203153108371,8.935292509936353,CO
142,2021-10-01,"[ 0  2  3  5  6  8 11 31 32 33 34 35 36 37 39 41 43 44 45 47 49 50 51 53
 56 58 60 62 64 66 67 68 70 71 72 73 74 77 78 79 80 81 82 83 84 85 86 87
 88 89 90 91 92 93 94]",12.311913879430612,10.081080259620766,CO
143,2021-10-05,"[ 3  6  7 11 14 31 32 33 34 35 37 43 66 67 70 71 72 73 74 75 76 80 81 82
 83 84 86 87 89 91 92 94 95]",15.005365635789376,10.337338632071143,CO
144,2021-10-07,"[ 3  6  8 11 14 31 32 34 35 36 37 49 50 56 62 64 66 67 68 70 71 72 73 74
 75 76 77 79 80 81 83 86 89 90 91 94 95]",16.718662826475356,11.77498049212614,CO
145,2021-10-08,"[ 3  6 11 31 32 33 34 36 37 38 39 40 42 44 45 46 47 49 50 56 60 61 64 66
 67 68 69 70 71 72 73 74 75 76 77 80 81 82 83 84 85 86 88 89 90 91 92 93
 95]",8.905287462697613,7.053445243482605,CO
146,2021-10-15,"[ 0  2  3  6  7 11 31 32 34 36 37 39 50 56 57 64 66 67 68 70 71 72 73 74
 75 76 77 78 79 80 81 82 83 89 90 91]",12.492196560201275,10.03758118711945,CO
147,2021-10-19,"[ 2  3  6  7 31 32 34 36 37 39 50 56 57 64 66 67 68 70 71 72 73 74 75 76
 77 78 79 80 81 83 84 85 89 91]",18.41381612741758,12.699894535815183,CO
148,2021-10-25,"[ 2  3  4  5  6 24 32 34 37 39 52 56 57 64 66 67 68 70 71 72 73 74 75 78
 81 82 83 89 90]",17.361240635595923,10.245581351484663,CO
149,2021-10-26,"[ 2  3  4  5  6  8 11 24 32 34 37 56 57 64 66 67 68 70 71 72 73 74 75 77
 78 79 80 81 82 83 84 85 89 90 92]",17.68359543326546,11.520947935311549,CO
150,2021-10-27,"[ 2  3  6 32 37 49 56 57 64 66 67 68 70 71 72 73 74 75 78 79 80 81 82 83
 84 89 90]",16.60066981643473,9.968692780343108,CO
151,2021-10-29,"[ 2  3  6  7  8 11 31 32 34 37 49 56 57 64 66 67 68 70 71 72 73 74 75 78
 81 82 83 84 89 91]",9.963308647991122,7.849441958873619,RD
152,2021-11-01,"[ 2  3  4  6  8 24 32 37 39 50 56 57 64 66 67 68 70 71 72 73 74 75 77 78
 80 81 82 83 84 86 89 90]",16.53742032918633,10.799772999948463,CO
153,2021-11-02,"[ 0  1  2  3  4  5  6  7  8  9 10 11 12 13 14 15 16 17 18 19 20 21 22 23
 24 25 26 27 28 29 30 31 32 33 34 35 36 37 38 39 40 41 42 43 44 45 46 47
 48 49 50 51 52 53 54 55 56 57 58 59 60 61 62 63 64 65 66 67 68 69 70 71
 72 73 74 75 76 77 78 79 80 81 82 83 84 85 86 87 88 89 90 91 92 93 94 95]",16.003512332800835,16.003512332800845,CO
154,2021-11-12,"[ 1  2  3  4  6  7  8 17 21 23 24 31 32 34 36 37 52 56 57 64 66 67 68 70
 71 72 73 74 75 77 79 80 81 82 83 84 89 90]",16.432036826169192,11.804642803139135,CO
155,2021-11-16,"[ 1  2  3  4  6  8 11 24 31 32 34 37 39 56 57 64 66 67 68 70 71 72 73 74
 75 77 78 79 80 81 82 83 84 85 86 89 90]",11.101262128704818,8.032382421176546,CO
156,2021-11-23,"[ 0  2  3  5  6  7  8 16 32 34 37 39 56 57 64 66 67 68 70 71 72 73 74 78
 81 82 83 85 89 90]",18.29526852968917,10.21946261154104,CO
157,2021-11-29,"[ 1  2  3  6  7 11 31 32 34 37 56 57 64 66 67 68 70 71 72 73 74 76 80 81
 83 85 89 90]",14.241337273189954,9.66389992748226,CO
158,2021-12-15,"[ 1  3  4  6  7 11 24 31 32 34 37 44 50 52 56 64 66 67 68 69 70 71 72 73
 74 75 76 77 80 81 83 84 89 90 91 92]",16.355366910233922,11.62608170047842,CO
159,2022-01-10,"[ 0  1  2  3  5  6  7 14 16 32 34 36 37 50 56 57 64 66 67 68 70 71 72 74
 81 83 86 89 90 91]",15.115459180758366,10.372677475627178,CO
160,2022-01-12,"[ 0  2  3  4  5  6  7 14 24 32 37 56 57 60 64 66 67 68 70 71 72 74 81 83
 89 90]",17.122251331381438,9.778888764952438,CO
161,2022-01-14,"[ 0  2  3  5  6  7 14 16 32 36 37 56 57 60 61 64 66 67 68 70 71 72 73 74
 81 83 89 90]",17.48173968398431,10.124151524092117,CO
162,2022-01-17,"[ 0  2  3  5  6  7 14 16 32 34 36 37 39 56 57 60 64 66 67 68 70 71 72 73
 74 76 78 81 83 84 89 90]",16.19718351505294,11.058091684992988,CO
163,2022-01-19,"[ 0  2  3  4  5  6  7  8 14 16 24 32 34 37 56 57 60 64 66 67 68 70 71 72
 73 74 77 78 80 81 83 84 89 90]",13.839062391508103,9.609116140120351,RD
164,2022-01-20,"[ 0  2  3  4  5  6  7  8 11 14 16 24 31 32 37 39 52 56 57 64 66 67 68 70
 71 72 73 74 75 78 79 80 81 83 89 90 91]",11.636955523671405,8.59956015011013,CO
165,2022-01-24,"[ 1  2  3  4  6  7 14 32 34 56 57 60 64 66 67 68 70 71 72 73 74 78 81 83
 89 90]",16.694613523706654,9.377637438281415,CO
166,2022-01-26,"[ 1  3  4  5  6 24 32 37 56 57 60 64 66 67 68 70 71 72 73 74 78 81 83 89
 90]",13.91325908102232,8.253931752719218,RD
167,2022-01-28,"[ 3  5  6 32 34 37 39 49 56 57 60 64 66 67 68 70 71 72 73 74 75 76 77 78
 81 82 83 89 90 91 93]",13.830507558181393,9.099093704131088,CO
168,2022-01-31,"[ 3  5  6  7 11 14 32 34 37 39 56 57 64 66 67 68 70 71 72 73 74 76 80 81
 83 89 90]",14.507570472071423,9.290268306300892,CO
169,2022-02-02,"[ 2  3  4  5  6 14 24 32 37 39 56 57 61 64 66 67 68 70 71 72 73 74 78 81
 83 85 89 90]",10.09230783452045,7.055954646632081,RD
170,2022-02-03,"[ 0  2  3  4  5  6  7  8 11 14 24 31 32 34 37 56 57 64 66 67 68 70 71 72
 73 74 78 81 83 89 90 91]",11.012747634569177,7.457608964072191,RD
171,2022-02-07,[ 2  3  6 32 34 56 57 64 66 67 68 70 71 72 73 74 80 81 82 83 89],21.019920017145886,9.525388870535238,CO
172,2022-02-09,"[ 2  3  4  6  8 14 24 32 34 50 56 57 64 66 67 68 70 71 72 73 74 78 81 83
 85 89 90]",4.55526152222539,5.212288534751083,RD
173,2022-02-10,[ 3  4  6 14 24 32 34 50 56 57 64 66 67 68 70 71 72 73 74 81 83 85 89 90],14.053808047981379,8.67046929979825,RD
174,2022-02-21,[ 2  3  6 32 34 56 57 64 66 67 70 71 72 74 81 83 89 91],16.08353802125074,7.721269792365173,RD
175,2022-02-24,[ 3  4  6 24 32 37 52 57 58 64 66 67 68 70 71 72 74 81 83 84 89 90],9.302226164581965,5.349656610273995,RD
176,2022-02-25,"[ 2  3  4  6 24 32 34 37 50 56 57 58 64 66 67 68 70 71 72 73 74 81 85 89
 90]",16.312730029704362,8.854107905131642,CO
177,2022-02-28,"[ 3  4  6 11 17 21 24 32 34 37 50 52 56 57 64 66 67 68 70 71 72 73 74 75
 80 81 82 83 89 90 91]",10.439955439575305,7.487042458453072,CO
178,2022-03-07,[ 3  4  6 24 32 34 37 50 57 64 66 67 68 70 71 72 73 74 75 81 83 89 90],12.318540810309873,8.225361268367239,CO
179,2022-03-14,"[ 3  6  7 11 14 31 32 34 37 39 50 52 57 64 66 67 68 70 71 72 73 74 75 76
 78 81 82 83 89 90]",9.40026422507376,6.861180708112533,CO
180,2022-03-16,"[ 3  5  6  7 11 14 31 32 34 37 39 50 57 64 65 66 67 68 70 71 72 74 75 81
 83 85 89 90 91]",1.9865073081910023,1.7320342299013198,CO
181,2022-03-18,"[ 2  3  4  6  7 11 24 32 34 36 37 39 50 57 64 66 67 68 70 71 72 73 74 81
 82 83 84 89 90 91]",8.57582173648087,5.615060180674076,CO
182,2022-03-21,"[ 2  3  4  6  7 14 24 32 34 37 39 50 52 57 64 66 67 68 70 71 72 73 74 75
 76 77 80 81 82 83 86 89 90 91]",10.340945392770632,7.585231501339481,CO
183,2022-03-23,"[ 0  2  3  4  6  7 11 14 17 21 23 24 32 34 50 52 57 61 64 66 67 68 70 71
 72 73 74 75 80 81 82 83 84 89 90]",10.203301600026663,6.669602534665143,RD
184,2022-03-28,"[ 2  3  6  7 11 14 16 31 32 34 57 64 66 67 68 70 71 72 74 76 81 83 89 90
 94]",7.972125847069126,5.3847194029946825,CO
185,2022-03-31,"[ 2  3  4  6  7 10 11 14 17 22 24 31 32 37 57 64 66 67 68 70 71 72 73 74
 75 81 82 83 84 85 89 93]",10.6898657379116,8.641308378123798,RD
186,2022-04-01,"[ 2  3  4  6  7 10 24 32 39 57 64 66 67 68 70 71 72 73 74 76 78 81 83 85
 89]",18.497412275699375,9.488287840166596,CO
187,2022-04-04,[ 3  6 11 17 21 23 31 32 50 64 66 67 68 70 71 72 73 74 76 81 83 89 90],1.8330210825364395,1.4739207141108155,CO
188,2022-04-05,[ 3  6 32 37 39 50 57 64 66 67 70 71 72 74 76 81 82 83 89 94],9.923543488265507,5.432377198867071,RD
189,2022-04-06,"[ 3  4  6 24 32 34 39 57 64 66 67 68 70 71 72 73 74 75 81 82 83 84 85 89
 94]",12.348735541760917,7.740698634528795,RD
190,2022-04-07,[31 76 81 89],14.110329011460559,3.2887796409007737,RD
191,2022-04-08,[ 4  6 11 24 31 32 34 57 64 66 67 68 70 71 72 76 81 82 83 89],15.157630036551124,8.3129895927879,CO
192,2022-04-11,[ 4  6 24 32 34 37 50 52 57 66 67 68 70 71 72 73 74 76 81 83 89 90],14.5131958154663,7.859927429772507,CO
193,2022-04-13,"[ 2  3  4  6 14 24 32 34 36 37 39 50 52 57 64 66 67 68 70 71 72 73 74 80
 81 83 85 89 90]",7.231936316077181,5.255403937901173,RD
194,2022-04-14,"[ 3  6  7 32 34 37 39 44 50 52 57 64 66 67 68 70 71 72 73 74 75 77 80 81
 82 83 89 90 91]",7.536065544988768,5.167377877904861,RD
195,2022-04-15,"[ 4  6  7 24 31 32 34 37 39 57 64 66 67 68 70 71 72 73 74 80 81 83 89 90
 91]",7.5372525993417305,4.918812369433466,CO
196,2022-04-18,"[ 2  3  6 24 32 34 37 57 59 64 66 67 68 70 71 72 73 74 81 83 85 89 90 91
 94]",9.743904435177244,6.434144757399323,CO
197,2022-04-20,"[ 2  3  6 32 34 36 37 50 56 57 64 66 67 68 70 71 72 74 76 77 81 82 83 84
 85 89 90 91 94]",14.291786800813401,10.347876945970706,CO
198,2022-04-21,"[ 0  2  3  4  6  7 14 24 32 37 50 56 57 64 66 67 68 70 71 72 73 74 77 81
 83 84 85 89 90 91]",8.201685193498223,6.5591067588784275,RD
199,2022-04-22,"[ 2  3  6  7 14 17 21 23 32 36 37 50 52 57 64 66 67 68 70 71 72 73 74 75
 78 81 83 84 85 89 90 91]",12.043019766939738,8.067813397839464,RD
200,2022-04-25,"[ 2  3  4  6 10 24 32 37 57 64 66 67 68 70 71 72 74 76 81 83 85 89 90 91
 94]",4.501582866415503,3.434104650029799,CO
201,2022-04-27,"[ 0  2  3  4  6  7 11 14 17 21 23 24 31 32 34 37 39 57 64 66 67 68 70 71
 72 73 74 76 81 83 85 89 90 91]",7.4564768472511895,5.474416338014459,CO
202,2022-04-28,"[ 2  3  4  5  6  7 14 24 32 34 37 50 57 64 66 67 68 70 71 72 73 74 75 77
 78 80 81 82 83 85 89 90 91]",5.911269886523992,3.90412696003952,RD
203,2022-04-29,"[ 0  1  2  4  6  7 14 24 32 37 57 64 66 67 68 70 71 72 74 76 81 82 83 85
 89 90 91]",13.685732739002049,8.88917949332065,CO
204,2022-05-09,"[ 2  3  4  6  7 11 14 24 31 32 37 39 57 64 66 67 68 70 71 72 73 74 75 76
 80 81 83 89 90 91]",14.755327461763597,9.840343946515294,CO
205,2022-05-10,"[ 2  3  4  6 14 24 32 34 37 39 56 57 64 66 67 68 70 71 72 73 74 77 78 81
 83 85 89 90 91]",12.663667715853382,8.007087869765465,RD
206,2022-05-11,"[ 2  3  4  6  7 14 24 32 34 57 64 66 67 68 70 71 72 73 74 81 82 83 85 89
 90 91]",9.937514823311014,5.969871504721569,RD
207,2022-05-13,"[ 2  3  4  6  7 14 24 32 37 39 57 64 66 67 68 70 71 72 74 76 77 81 83 85
 89 91 94]",10.594288944543296,9.164333756512928,CO
208,2022-05-23,"[ 0  1  2  3  4  5  6  7 11 17 31 32 34 38 39 64 65 66 67 68 69 70 71 72
 73 74 76 78 81 83 85 86 88 89 90 91 95]",3.514884719487334,2.260948225765621,RD
209,2022-05-26,"[ 2  5  6  7  8 14 32 34 37 39 50 57 64 66 67 68 70 71 72 73 74 78 80 81
 82 83 85 89 90 91]",12.050034612556937,8.040110433748929,RD
210,2022-06-01,"[ 2  3  4  6  7 11 13 14 17 23 24 31 32 33 34 36 37 38 39 40 41 42 44 45
 46 47 48 49 53 55 57 64 65 66 67 68 69 70 71 72 73 74 75 76 77 79 80 81
 82 83 84 85 86 88 89 90 91 92 93 95]",8.069843822047412,6.894936827818854,RD
211,2022-06-02,"[ 2  3  6  7 11 14 31 32 34 36 37 39 57 64 66 67 68 69 70 71 72 74 76 77
 78 80 81 82 83 85 89 90 91 93]",10.518553094432527,7.856040799905636,RD
212,2022-06-08,"[ 2  3  6  7 11 14 31 32 33 34 36 37 38 39 40 41 42 44 45 46 47 48 50 57
 64 66 67 68 69 70 71 72 73 74 75 76 77 78 80 81 82 83 84 85 86 88 89 90
 91 92 93 95]",4.456553015766325,3.790999455631296,CO
213,2022-06-10,"[ 0  1  2  3  4  5  6  7  8  9 10 11 12 13 14 15 16 17 18 19 20 21 22 23
 24 25 26 27 28 29 30 31 32 33 34 35 36 37 38 39 40 41 42 43 44 45 46 47
 48 49 50 51 52 53 54 55 56 57 58 59 60 61 62 63 64 65 66 67 68 69 70 71
 72 73 74 75 77 78 79 80 81 82 83 84 85 86 87 88 89 90 91 92 93 94 95]",13.74748225468226,13.22853541129835,CO
214,2022-06-13,"[ 0  1  2  3  4  5  6  7  8  9 10 11 12 13 14 15 16 17 18 19 20 21 22 23
 24 25 26 27 28 29 30 31 32 33 34 35 36 37 38 39 40 41 42 43 44 45 46 47
 48 49 50 51 52 53 54 55 56 57 58 59 60 61 62 63 64 65 66 67 68 69 70 71
 72 73 74 75 76 77 78 79 80 81 82 83 84 85 86 87 88 89 90 91 92 93 94 95]",13.018465947139433,13.01846594713943,CO
215,2022-07-18,"[ 0  2  3  4  5  6  7  9 10 11 12 13 14 15 16 17 18 19 20 21 22 23 24 25
 26 27 29 30 31 32 33 34 35 36 37 38 39 40 41 42 43 44 45 46 47 48 49 50
 51 52 53 54 55 56 57 58 59 60 61 62 63 64 65 66 67 68 69 70 71 72 73 74
 75 76 77 78 79 80 81 82 83 84 85 86 87 88 90 91 92 93 94 95]",1.6367696869168153,1.6058898086848907,CO
216,2022-07-21,"[ 2  3  6 11 14 31 32 36 37 39 64 66 67 68 69 70 71 72 74 76 81 83 89 90
 91 93 95]",7.411464565683537,5.24580611448763,RD
217,2022-07-22,[ 3 32 71 72 74 76 83 85 89 94],8.83253741440859,5.355256487915493,RD
218,2022-07-25,"[ 0  1  2  3  4  5  6  7  8  9 10 11 12 13 14 15 16 17 18 19 20 21 22 23
 24 25 26 27 28 29 30 31 32 33 34 35 36 37 38 39 40 41 42 43 44 45 46 47
 48 49 50 51 52 53 54 55 56 57 58 59 60 61 62 63 64 65 66 67 68 69 70 71
 72 73 74 75 76 77 78 79 80 81 82 83 84 85 86 87 88 89 90 91 92 93 94]",1.432719083436219,1.4261749778543928,CO
219,2022-07-27,"[ 2  3  6  7  9 10 11 14 16 31 32 33 34 35 36 37 38 39 40 41 42 43 44 45
 46 47 48 57 64 66 67 68 69 70 71 72 73 74 75 76 77 78 79 80 81 82 83 84
 85 86 87 88 89 90 91 92 93 94 95]",9.141790725698584,8.233483974560546,RD
220,2022-07-29,"[ 2  3  6  7 10 11 14 16 31 32 34 37 39 57 64 66 67 68 69 70 71 72 73 74
 75 76 78 79 80 81 82 83 84 85 86 89 90 91 93 95]",10.686478057648333,8.387984289896147,CO
221,2022-08-01,"[ 2  6  7 11 14 31 32 33 35 37 43 51 57 62 67 70 71 72 73 74 80 81 83 87
 89 90 93 94 95]",9.027853218291929,8.729674979160372,CO
222,2022-08-05,"[ 2  3  6  7 14 32 36 37 39 64 66 67 68 70 71 72 73 74 76 78 81 83 89 90
 91 93]",9.894924477981426,6.473971032805528,RD
223,2022-08-08,"[ 2  3  6  7 11 31 32 36 37 49 57 64 66 67 68 69 70 71 72 74 76 78 79 81
 83 89 90 91 93]",9.190215358153669,6.875384732589289,CO
224,2022-08-10,"[ 2  3  6  7 11 14 23 31 32 37 39 49 50 52 57 64 66 67 68 69 70 71 72 74
 75 76 77 78 79 80 81 82 83 84 85 89 90 91 93]",9.804369462644232,7.631984464000388,CO
225,2022-08-11,"[ 2  3  5  6  7 11 14 31 32 34 37 39 57 64 66 67 68 70 71 72 73 74 76 78
 79 80 81 82 83 85 89 91 93]",12.921914235432672,9.667303818536164,RD
226,2022-08-17,"[ 0  2  3  6  7  8  9 10 11 14 15 16 21 31 32 37 39 50 52 57 64 66 67 68
 69 70 71 72 73 74 76 78 79 80 81 82 83 85 89 90 91 93]",7.36025637590325,7.958106767142273,RD
227,2022-08-18,"[ 2  3  5  6  7 10 11 14 16 22 31 32 37 39 52 57 64 66 67 68 69 70 71 72
 73 74 75 76 77 78 79 80 81 82 83 89 90 91 93]",11.511918574220438,9.646777795591575,RD
228,2022-08-19,"[ 2  3  6  7 10 11 14 16 22 31 32 37 39 50 56 57 64 66 67 68 70 71 72 73
 74 75 77 80 82 83 85 89 90 93]",5.87533553422317,3.9266969773242852,RD
229,2022-08-22,"[ 2  3  6  7 10 11 14 22 31 32 37 57 61 64 66 67 68 70 71 72 73 74 76 79
 81 82 83 87 89 90 91 93]",10.664200019947295,8.135499025796527,CO
230,2022-08-25,"[ 2  3  5  6  7 10 11 14 16 22 32 34 37 39 57 61 64 66 67 68 70 71 72 73
 74 76 77 79 80 81 82 83 89 90 91 93]",6.504219097185815,4.952804172451617,RD
231,2022-08-26,"[ 2  3  6  7 10 11 14 22 31 32 37 57 61 64 66 67 68 69 70 71 72 73 74 75
 76 78 79 81 82 89 90 91 93]",4.572616611741238,5.941610128383056,CO
232,2022-08-29,"[ 2  3  6  7 10 11 14 22 32 34 37 39 57 64 66 67 68 69 70 71 72 73 74 76
 78 79 80 81 82 83 88 89 90 91 93]",3.8805511058581694,3.2628068651615556,CO
233,2022-08-31,"[ 2  3  6  7 10 14 22 31 32 37 57 64 66 67 68 69 70 71 72 73 74 75 76 78
 79 81 82 83 89 90 91]",12.583564887915431,8.72746816335193,RD
234,2022-09-01,"[ 2  3  6  7 10 11 14 16 17 21 22 23 31 32 37 50 55 57 64 66 67 68 69 70
 71 72 73 74 75 76 79 80 81 82 83 84 85 89 90 91 93]",11.626904506037643,8.698444040158053,CO
235,2022-09-02,"[ 2  3  6  7 10 11 14 16 22 31 32 37 39 57 64 66 67 68 69 70 71 72 73 74
 75 76 77 78 79 80 81 82 83 84 89 90 91 93]",4.994862139389354,3.8825371202790766,CO
236,2022-09-06,"[ 2  5  6  7 10 11 15 22 31 32 48 57 61 64 66 67 68 69 70 71 72 73 74 75
 77 78 80 81 82 83 89 90 92 93]",8.943526612481417,6.273938586313256,RD
237,2022-09-07,"[ 2  6  7 10 11 22 31 32 34 57 61 64 66 67 68 69 70 71 72 73 74 76 77 80
 81 83 84 89 90 91 93 94]",14.446160381548717,9.64581426006581,CO
238,2022-09-09,[ 2  3  6  7 10 22 32 37 57 64 66 67 68 70 71 72 73 74 81 89 90 91 93],15.74131137230401,7.538409086303094,CO
239,2022-09-12,"[ 2  3  6  7 10 11 22 31 32 57 61 64 66 67 68 69 70 71 72 73 74 76 81 82
 83 89 90 91 93 94]",7.642526808864952,5.071160149859501,CO
240,2022-09-13,"[ 2  3  6  7 10 11 19 22 27 31 32 57 61 64 66 67 68 70 71 72 74 76 78 80
 81 82 89 90 91]",5.652577208951458,3.7149268102930777,CO
241,2022-09-19,"[ 2  3  6  7 10 11 14 22 32 37 57 64 66 67 68 69 70 71 72 73 74 76 78 80
 81 83 89 90]",9.363096602129332,10.642736244292799,CO
242,2022-09-21,"[ 2  3  6  7 10 11 14 22 32 37 57 64 66 67 68 69 70 71 72 74 76 78 79 80
 81 89 90 91 93 94]",5.208121278462536,3.2541159572263165,CO
243,2022-09-23,"[ 0  1  2  3  4  5  7  8  9 10 12 13 14 15 16 17 18 19 20 21 22 23 24 25
 26 27 28 29 30 32 33 34 35 36 37 38 39 40 41 42 43 44 45 46 47 48 49 50
 51 52 53 54 55 56 57 58 59 60 61 62 63 64 65 66 67 68 69 70 71 73 74 75
 77 79 80 81 82 84 85 86 87 88 89 90 91 92 93 94 95]",11.692793862797648,10.626242862321591,CO
244,2022-09-26,"[ 2  3  5  6  7  9 10 11 14 15 18 22 25 27 31 32 34 36 37 57 62 64 66 67
 68 69 70 71 72 74 75 76 78 79 80 81 83 84 89 90 91 93]",3.6970712053669987,3.388402635919474,CO
245,2022-09-27,"[ 2  3  5  6  7 10 11 14 16 22 31 32 34 37 48 57 64 66 67 68 70 71 72 73
 74 75 76 77 78 79 80 81 83 84 89 90 91 92 93 94]",7.0779405286235875,5.71941516625193,CO
246,2022-09-30,"[ 2  3  5  6  7  8 10 11 14 22 32 37 57 64 66 67 68 70 71 72 74 75 76 77
 79 80 81 83 87 89 90 94]",7.95719337032903,6.927120154280702,RD
247,2022-10-03,"[ 1  2  3  4  6  7 10 11 14 24 31 32 37 64 66 67 68 69 70 71 72 74 76 78
 80 81 83 89 90]",10.01126452855567,6.550033456697469,CO
248,2022-10-10,"[ 2  3  4  5  6  7  8 10 13 14 18 21 22 23 24 26 29 32 33 34 35 36 37 38
 39 40 41 42 43 44 45 46 47 48 49 50 51 52 53 54 55 56 57 58 59 60 61 62
 63 64 66 67 68 70 71 72 73 74 75 77 80 82 83 84 85 86 87 88 89 90 91 92
 94 95]",5.76362254734263,13.516793225864648,CO
249,2022-10-12,"[ 2  3  5  6  7  8 10 11 14 22 31 32 34 36 37 39 57 64 66 67 68 69 70 71
 72 73 74 75 76 77 78 79 80 81 82 83 89 90 91]",10.907888038416264,8.394364918711823,RD
250,2022-10-25,"[ 1  2  3  4  5  6  7 10 11 14 22 24 31 32 34 37 57 64 66 67 68 69 70 71
 72 74 76 78 80 81 83 89 90]",10.83977238554859,7.674687429657936,RD
251,2022-10-27,"[ 2  3  4  5  6  7 10 11 14 22 24 31 32 37 57 64 66 67 68 69 70 71 72 74
 76 78 81 82 83 89 90 91]",9.103195322946029,6.3658594668217905,CO
252,2022-11-01,[ 2  3  6  7 10 14 22 24 32 37 57 66 67 68 70 71 72 74 76 81 83 85 89 91],11.44371938235712,6.856953490233549,RD
253,2022-11-02,"[ 2  3  4  6  7 10 14 22 24 32 37 57 64 66 67 68 70 71 72 73 74 75 76 80
 81 83 85 89 90 91]",10.478862384005621,6.806853599064844,CO
254,2022-11-04,"[ 2  3  4  6  7 10 14 22 24 32 36 37 57 64 66 67 68 70 71 72 74 75 79 80
 81 83 89 90 91]",10.306921622587415,7.290461885781266,RD
255,2022-11-07,"[ 2  3  4  6  7 10 14 22 24 31 32 37 57 64 66 67 68 70 71 72 74 76 80 81
 83 89 91]",13.293821529939057,7.247941950143328,CO
256,2022-11-09,"[ 2  3  4  6  7 10 14 22 24 32 36 39 57 64 66 67 68 70 71 72 73 74 75 77
 80 81 82 83 89 90 91 93]",8.887800399264425,5.561950219857863,RD
257,2022-12-09,"[ 1  2  3  6  7 10 14 17 21 23 25 32 37 64 66 67 68 70 71 72 74 76 78 81
 83 89 90 95]",15.573837878962403,9.753612774673238,CO
258,2023-01-10,"[ 0  1  2  3  6  7 10 11 14 32 36 57 64 66 67 68 70 71 72 73 74 75 78 79
 80 81 83 89 90]",11.076155396449861,7.257976871959527,RD
259,2023-01-13,"[ 1  2  3  4  5  6  7  8 10 14 16 17 22 24 31 32 37 64 66 67 68 70 71 72
 74 76 78 81 83 89 94]",10.41675319278866,6.901631538482978,RD
260,2023-01-17,"[ 1  2  3  4  5  6  7 10 14 24 32 37 64 66 67 68 70 71 72 73 74 75 77 78
 81 82 83 89 90 91]",6.5170688532009535,5.731163464545626,RD
261,2023-01-23,"[ 2  3  6  7 10 14 32 34 37 39 64 66 67 68 70 71 72 73 74 75 77 78 79 81
 82 83 84 89 90 91]",12.051830660210317,7.688105553227351,RD
262,2023-01-24,"[ 2  3  6  7 10 14 32 37 39 56 64 66 67 68 70 71 72 73 74 75 77 78 79 81
 82 83 84 85 89 90]",11.478070298798903,7.509340994896268,RD
263,2023-01-27,"[ 1  2  3  4  6  7 10 11 14 17 21 22 23 24 25 31 32 37 57 64 66 67 68 70
 71 72 73 74 75 76 77 78 81 82 83 84 87 89 90]",3.1440512369151494,2.4013603865868434,RD
264,2023-01-30,"[ 0  1  3  4  6  7 10 14 17 25 32 37 48 57 64 66 67 68 70 71 72 73 74 75
 77 78 81 83 85 89 90]",11.61441466386767,8.202739993046503,RD
265,2023-01-31,"[ 1  3  6  7 10 11 14 17 22 32 64 66 67 68 70 71 72 74 75 76 78 81 83 85
 89 90]",11.903282228403999,8.489928425090053,RD
266,2023-02-03,"[ 1  2  3  6  7 10 13 14 17 21 23 27 29 32 34 36 37 39 57 64 66 67 68 70
 71 72 73 74 75 77 78 81 83 85 89 90]",13.64993841479038,9.910363875893195,RD
267,2023-02-06,"[ 1  6  7 10 13 17 21 32 34 57 64 66 67 68 70 71 72 73 74 75 77 78 81 83
 85 89 90]",12.117313206074842,7.902538325928901,RD
268,2023-02-07,"[ 0  1  2  3  6  7 10 17 21 23 25 32 36 57 64 66 67 68 70 71 72 73 74 75
 76 78 80 81 83 85 89 90]",11.121040112650839,7.900870637514853,RD
269,2023-02-10,"[ 0  1  3  6  7 10 11 17 21 23 25 32 64 65 66 67 68 69 70 71 72 73 74 76
 78 81 83 85 88]",2.322294349512224,1.7017508931523744,RD
270,2023-02-13,[ 3  6 17 21 23 25 32 34 64 66 67 68 70 71 72 74 81 89],8.948698363286823,4.254797307818135,RD
271,2023-02-14,[ 0  1  4  6 24 31 32 64 66 67 68 70 71 72 73 74 76 78 80 81 82 83 89 91],6.874025831693014,4.2612766795871675,RD
272,2023-02-20,"[ 0  1  2  3  6  7 10 13 17 21 23 25 32 36 37 57 64 66 67 68 70 71 72 73
 74 76 77 81 83 89 90 91]",10.124854999861883,7.343816002971572,RD
273,2023-02-24,"[ 1  3  6  7 10 11 31 32 37 39 57 64 66 67 68 70 71 72 73 74 76 81 83 89
 90]",5.210379677535497,3.3053129294056225,RD
274,2023-03-06,[ 0  1  3  6 32 37 64 66 67 68 70 71 72 74 76 78 81 89],11.293589859825884,6.379695776047362,RD
275,2023-03-10,"[ 0  1  6 11 21 27 29 32 37 57 64 66 67 68 70 71 72 73 74 76 78 81 83 85
 89 90]",10.798676497841472,7.680163892067136,RD
276,2023-03-13,[ 0  1  3  6  7 32 34 37 39 64 66 67 68 70 71 72 73 74 75 80 81 83 89 90],11.421706585268709,7.2868078465693955,RD
277,2023-03-14,[ 1  3  6 32 37 39 64 66 67 68 70 71 72 73 74 81 83 89 90],12.095015064428967,6.651880513802395,RD
278,2023-03-17,"[ 1  4  6  7 11 24 32 37 42 57 64 65 66 67 68 69 70 71 72 73 74 75 76 78
 80 81 83 89 90]",4.6260466527884505,3.334476167338588,RD
279,2023-03-20,"[ 0  1  3  6  7 10 11 13 17 21 23 25 32 37 39 57 64 66 67 68 70 71 72 73
 74 76 77 78 80 81 83 89 90]",8.452807683128142,6.322746979979584,RD
280,2023-03-28,[ 6 11 17 21 23 25 32 34 50 64 66 67 68 70 71 72 73 74 75 80 81 89],7.861714866236929,4.392279732777601,RD
281,2023-04-04,[ 1  3  4  6 24 32 36 37 55 64 66 67 68 70 71 72 73 74 75 81 83 85 89 90],11.160230605106653,7.03856070998987,RD
282,2023-04-05,[ 3  4  6  7 24 32 36 37 57 64 66 67 68 70 71 72 73 74 78 81 83 85 89 90],9.326953806355426,5.896682055264729,RD
283,2023-04-07,"[ 3  6  7 10 17 25 27 29 31 32 36 37 64 66 67 68 70 71 72 73 74 78 81 83
 89 90]",10.391970915233726,6.127543059892396,RD
284,2023-04-11,"[ 4  6  7 11 17 21 23 24 25 32 37 39 57 64 66 67 68 70 71 72 73 74 81 83
 89 90]",11.383332885984432,7.5132993409939,RD
285,2023-04-13,"[ 1  3  4  6  7 11 24 32 34 37 39 42 57 64 66 67 68 70 71 72 73 74 75 76
 78 81 83 89 90 91]",8.243292647457057,5.72868707048736,RD
286,2023-04-14,"[ 1  3  4  6  7 10 14 24 32 37 39 42 57 64 66 67 68 70 71 72 73 74 75 80
 81 83 89 90 91 92]",1.3280211707289502,1.2440433404143296,RD
287,2023-04-17,"[ 3  4  6  7 11 24 32 37 57 64 66 67 68 70 71 72 73 74 75 80 81 83 89 90
 91]",9.305719459309469,5.366521176929794,RD
288,2023-04-25,"[ 3  4  5  6  7 10 14 24 32 37 64 66 67 68 70 71 72 73 74 78 80 81 83 85
 89 90]",10.127960244922036,6.402378504140716,RD
289,2023-04-26,"[ 0  1  3  4  6  7  8 10 24 32 64 66 67 68 70 71 72 73 74 76 78 80 81 82
 83 88 89 90]",11.260596346202565,6.821357771277644,RD
290,2023-05-02,"[ 1  3  4  6  7 24 32 34 37 64 66 67 68 70 71 72 73 74 75 77 80 81 82 83
 84 89 90]",10.740036659929277,7.803917594106592,RD
291,2023-05-08,"[ 1  3  4  6  7 10 11 14 24 31 32 37 39 50 64 66 67 68 70 71 72 73 74 75
 80 81 83 89 90]",10.81202282600923,6.785305547716339,RD
292,2023-05-17,[ 1  3  4  6 24 32 37 39 64 66 67 68 70 71 72 73 74 81 89 90],10.579470409638873,5.6572343353704,RD
293,2023-05-19,[ 1  6 32 34 37 39 64 66 67 68 70 71 72 73 74 77 79 80 81 83 85 89 90 91],11.819120164411443,7.0000237061130575,RD
294,2023-06-06,"[ 3  6 17 21 23 25 27 29 31 32 34 36 37 50 64 66 67 68 70 71 72 73 74 75
 77 78 80 81 82 83 85 89 90]",12.740432332457136,7.707373051556728,RD
295,2023-06-08,"[ 3  5  6  7 17 21 23 32 34 36 37 50 57 64 66 67 68 69 70 71 72 73 74 75
 76 77 78 79 80 81 82 83 84 89 90 91 94]",11.297145902056897,8.877980185839982,RD
296,2023-06-12,"[ 3  6  7 14 32 36 37 50 64 66 67 68 70 71 72 73 74 75 77 80 81 82 83 89
 90]",9.762323015307864,5.663822724610251,RD
297,2023-06-13,"[ 3  6  7 11 32 37 50 57 61 64 66 67 68 70 71 72 73 74 75 76 77 78 80 81
 82 83 89 90 93]",9.91197672634773,6.644888403303398,RD
298,2023-06-16,[ 6  7 10 14 32 64 66 67 68 70 71 72 73 74 75 80 81 82 83 89 90],10.698163796360856,6.046082137941041,RD
299,2023-06-19,"[ 4  6  7 11 14 24 32 34 64 66 67 68 70 71 72 73 74 77 78 80 81 82 83 90
 93]",12.422494274437705,6.932461732019995,RD
300,2023-06-20,[ 3  6  7 14 31 32 64 66 67 68 70 71 72 73 74 77 80 81 82 83 89 90],8.75810790899999,5.188328942209019,RD
301,2023-06-21,[ 3  6  7 32 34 37 64 66 67 68 70 71 72 73 74 77 80 81 82 83 89 90],10.367190011172918,5.725803651180949,RD
302,2023-06-22,"[ 3  6  7 14 17 21 23 32 34 37 50 64 66 67 68 70 71 72 73 74 75 78 80 81
 82 83 86 89 90]",10.028370742126233,6.326935749577403,RD
